epoch,train_loss,val_loss,val_auroc
0,0.6567667066187098,0.5341192483901978,
1,0.3633205579674762,0.4719811677932739,
2,0.3060969539742539,0.38011133670806885,
3,0.23978843637134717,0.2963794767856598,
4,0.2261816626009734,0.20954343676567078,
5,0.2059142049671947,0.1908966451883316,
6,0.16898276019787442,0.21054908633232117,
7,0.1512249833161848,0.19082553684711456,
8,0.1403282441306805,0.16391800343990326,
9,0.11585346954888191,0.18385536968708038,
10,0.11543003847633583,0.17680904269218445,
11,0.12632452577784442,0.18735083937644958,
12,0.07841981850240541,0.1781846284866333,
13,0.09341753263404404,0.18377885222434998,
